start	end	text
0	9000	Слышно, да? Сколько клиентов в среднем с тобой находятся?
9000	14000	Я там тоже как-то подсчитывала.
14000	18000	Наверное, получается, что полгода-год.
18000	24000	А в основном приходят откуда?
24000	29000	Чайще всего, я так смотрю, приходят по рекомендации.
29000	34000	Есть там массажист, который прониклась моими методиками.
34000	38000	Она абсолютно искренне бесплатно рекомендует.
38000	40000	Там еще один массажист.
40000	43000	Как бы это само сложилось, даже честно говоря.
43000	46000	Где-то люди друг другу рекомендуют.
46000	48000	Где-то это соцсети.
48000	50000	Не сказать, что где-то там рекламу покупаю.
50000	55000	Просто вот так вот сторисы выставляю, знакомые там видят.
55000	64000	Я, насколько понимаю, твой режим 30% связан с тем, что ты домом занимаешься.
64000	66000	Да, дом, дети, служение.
66000	69000	Мне просто нет возможности.
69000	75000	Поэтому у тебя особые теленаправленные работы по привлечению клиентов нет?
75000	82000	Я просто не успеваю этим заниматься.
82000	86000	То есть мне есть куда их направить, мне есть как их обработать.
86000	91000	Это дополнительное для меня затрата времени средств, чтобы их привлекать.
91000	96000	Есть просто то, что само приходит.
96000	100000	Я это обрабатываю, на этом мне ресурс сахватает.
100000	106000	А так я в сторону роста думаю, естественно, я думаю.
106000	110000	Но сейчас это все так сложно с этими всеми блокировками.
110000	114000	Боже, немножко теряешься, непонятно, где и как тебе продвигаться.
114000	120000	То есть когда с консультантом на эту тему, я приобретала сопровождение у консультанта,
120000	123000	мы общались, и мы сейчас поняли, что больше всего работает нетворкинг.
123000	126000	То есть нужно именно на какие-то мероприятия ходить,
126000	130000	на какие-то, где мои клиенты бывают, с ними как-то встречаться, пересекаться,
130000	132000	чтобы про меня узнавали.
132000	137000	Потому что реально, сколько я анализирую вообще все время, сколько я лет работаю,
137000	140000	то есть действительно в основе все приходят вот как-то по рекомендации,
140000	144000	ну, либо на каких-то я вот, ну, противных мероприятиях была,
144000	146000	что они обо мне узнали и так далее.
146000	148000	Короче, человеку нужен человек.
148000	153000	Да, сейчас только так по факту, потому что вот закупать рекламу это супер дорого,
153000	156000	ну, что-то только для таких масштабных проектов,
156000	159000	уже там типа инфобизнеса какого-то прям полноценного.
159000	165000	Вообще на рынке сейчас эта конкуренция повысилась, резко повысилась,
165000	167000	и цена привлечения очень увеличилась.
167000	172000	Поэтому сейчас важнее удерживать клиенты.
172000	177000	Ну да, вот мой консультант мне как раз подсказал, как работает со своей базой.
177000	179000	Я просто начала со своей базой работать,
179000	182000	и у меня просто вот последние несколько месяцев,
182000	184000	это просто вся та же самая база.
184000	186000	Просто как бы они стали у меня покупать.
186000	188000	Да.
188000	190000	Ага, хорошо.
190000	195000	Так, какими инструментами пользуюся Google Tablets?
195000	200000	Вот я имею в виду, для того чтобы работать с клиентами помнить,
200000	205000	оплаты, информацию по каждому.
205000	209000	Ну, ты знаешь, я хотела как-то это систематизировать,
209000	211000	но опять же, у меня еще не такой большой прям поток,
211000	213000	что мне прям надо это систематизировать.
213000	217000	То есть в основном у меня просто банально есть ежедневник,
217000	219000	где есть недельный план.
219000	222000	У меня там все прописано, когда я с кем занимаюсь,
222000	224000	и остальные мои дела тоже там прописаны.
224000	226000	То есть я просто там записываю.
226000	228000	Вот столько это, такая тренировка.
228000	230000	Мне этого хватает.
230000	233000	Потом, допустим, по клиентам я веду в заметках,
233000	234000	потому что мне удобно,
234000	236000	если этот человек ко мне пришел, например, в зал,
236000	238000	я провожу персоналку,
238000	240000	я тут же в телефоне, в заметке фиксирую,
240000	242000	что мы сегодня сделали, буквально кратенько,
242000	245000	чтобы в следующий раз вспомнить.
245000	248000	У меня программа, она плюс нинутс уже как бы отработана,
248000	250000	поэтому мне сложно зафиксировать.
250000	253000	То есть пока тренировка идет, тоже себе пометки делаю.
253000	255000	В следующий раз мы встретились, как бы я помню.
255000	258000	Если это, ну плюс у меня есть анкетирование,
258000	260000	есть такая платформа Bison 365.
260000	261000	Да, знаю такое.
261000	264000	Да, я там вот свою онлайн курсы выкладывала,
264000	266000	и получается там вот у меня есть первичная анкета,
266000	268000	которую клиент вообще заполняет,
268000	270000	когда ко мне обращается.
270000	272000	Она сохраняется, там удобно, я все вижу.
272000	274000	Потом есть еще пара уточняющих анкет,
274000	278000	есть ли опросников, есть ли какие-то конкретные проблемы выявлены.
278000	282000	Потом можно заполнить клиенту, там анкету, там итогову.
282000	286000	Вот этим я хорошо пользуюсь.
286000	289000	Ну и если это какая-то прям удаленная работа,
289000	292000	тогда уже я на компьютере, когда созваниваюсь,
292000	296000	то я параллельно просто так же в World of Scum файли,
296000	298000	просто себе какие-то основные моменты,
298000	300000	про человека зафиксирую, чтобы не забыть.
300000	302000	Потом, чтобы остановить просто.
302000	304000	Я понял.
304000	309000	А так по объему у тебя анкета, сколько вопросов?
309000	312000	Ну первичная, там много вопросов,
312000	316000	там у меня, наверное, 20 точно есть.
316000	319000	Но там есть где-то просто выбрать, где-то написать,
319000	324000	и уточняющие там опросники в одном, тоже 20 вопросов,
324000	327000	ну как типа медицинский опросник,
327000	331000	а в другом, наверное, ну там коротенькие,
331000	333000	наверное, 10 или меньше.
333000	336000	Это основные то, что я пользуюсь.
336000	341000	Слушай, эти оплаты, как это, вот...
341000	343000	Ну я понимаю, что у тебя по клиенту
343000	346000	она немножко как распространена.
346000	348000	Что-то в блокноте, что-то в заметках,
348000	351000	что-то в World of Scum файли, что-то в бизоне, да?
351000	355000	Ну получается, вот именно блокнот писать,
355000	358000	я как бы особо вот перестала, что-то писать в блокноте.
358000	360000	Просто заметки в телефоне.
360000	363000	Это для тех, кто в живую приходит,
363000	366000	в World of Ski файл, для тех, кто онлайн.
366000	368000	А анкеты мне все заполняют.
368000	370000	То есть это вообще очень неудобно помогает.
370000	372000	То есть я сразу вижу, что...
372000	374000	вспоминаю, что вообще у человека базово,
374000	376000	какие проблемы, с чем он пришел.
376000	380000	При моих масштабах, мне как бы этого нормально.
380000	382000	Если мне наращивать масштабу,
382000	384000	мне этого будет недостаточно.
384000	386000	Вот что-то более такое вот, ну,
386000	388000	универсальное, систематично.
388000	391000	Хорошо.
391000	393000	Так.
393000	399000	Общаешься в основном через TeleMost и Messenger, да?
399000	402000	Ну сейчас получается TeleMost Max.
402000	405000	Телеграм еще остается.
405000	407000	Даже чуть-чуть через WhatsApp.
407000	409000	Вот девушка, которая в Германии.
409000	412000	И WK.
412000	414000	Понял, хорошо.
414000	416000	Так, план тренировок.
416000	418000	Ты индивидуально делаешь или у тебя...
418000	419000	Алло.
419000	420000	Раз, два, три.
420000	422000	Да, да, да.
422000	424000	Говорю, план тренировок у тебя индивидуально
424000	428000	или у тебя есть шаблоны, по которым ты работаешь?
428000	430000	Ну прям какого-то такого плана нет.
430000	432000	У меня уже годами наработанная практика.
432000	435000	И я просто вот по ситуации чувствую человека,
435000	437000	потому что вот, например,
437000	440000	очень многим приходится очень сильно адаптировать что-то.
440000	443000	Они не могут даже сделать исходный вариант упражнения.
443000	445000	То есть я им даю другой.
445000	446000	Там или меняю.
446000	449000	То есть у меня именно вот, в чем и смысл индивидуального подхода
449000	451000	и работа со здоровьем, да,
451000	453000	что человека реально есть ограничение.
453000	455000	То есть и у нас не про то, что бы что мы хотим накачать,
455000	457000	или где мы хотим скинуть.
457000	460000	А у нас про то, как мы хотим, ну, в себя чувствовать.
460000	462000	А там супер много факторов надо учитывать.
462000	467000	И поэтому это все рождается в процессе.
467000	470000	Есть стандартные комплексы уже, есть вариации,
470000	473000	там как бы все это вот так на ходу, можно сказать, происходит.
473000	475000	Ну, допустим, если это был у меня курс,
475000	478000	вот он онлайн курс восстановления после родов.
478000	480000	Ну там, конечно, стандартная программа.
480000	482000	То есть вот они все сначала вот это делают,
482000	484000	потом вот это, потом вот это, потом вот это.
487000	491000	Так, стандартные есть и в основном индивидуально.
491000	492000	Ну, по ситуации.
492000	495000	Ну, как бы это, в принципе, у тебя профиль такой.
495000	497000	Да, да, вот мне кажется, что, например,
497000	499000	я не такой, конечно, классический тренер,
499000	501000	вот на перкате Диатлова, да, вот.
501000	504000	Вот она мне кажется, идеальный интервьюер для вас,
504000	508000	потому что она, наверное, как бы у нее в этом плане
508000	510000	все интереснее, чем у меня.
510000	514000	Ну, не разоразные, не важно, ну, понимать вообще,
514000	517000	кто в конечном счете будет пользоваться этой программой.
517000	519000	Хорошо.
519000	521000	Так, а вот эти планы питания,
521000	523000	они у тебя тоже какие-то готовы,
523000	525000	или ты тоже готовы?
525000	527000	Нет, нет, я вот именно, что у меня человек заполняет
527000	529000	ник питания сначала.
529000	531000	Я ему не рассказываю, что ему надо.
531000	533000	То есть я сначала говорю, 5 дней заполняем
533000	534000	дневник питания.
534000	536000	Во сколько проснулись, во сколько уснули,
536000	537000	во сколько поель.
537000	539000	Что и сколько примерно.
539000	541000	И потом по его дневнику уже я и даю рекомендации.
541000	543000	Мы уже начинаем обсуждать,
543000	544000	что здесь не так.
544000	546000	Знаешь, что не где-то форматика.
546000	548000	Ученка даже, чтобы человек сам как бы, да,
548000	550000	забрался, что у него тут не так.
550000	552000	Вот, решаем, что можно.
552000	554000	Движайшую, допустим, неделю,
554000	556000	две привычки, какие можно поменять, допустим,
556000	558000	да, и вот так потихонечку двигаемся.
558000	560000	То есть все это идет как бы, ну так,
560000	562000	параллельно, ненавязчиво, то есть человек
562000	564000	переходит на новые рельсы.
564000	566000	А вот эти КБЖ считают?
566000	568000	Вообще, я вообще, кстати, не работаю.
568000	570000	Я абсолютно не сторонницей этого.
570000	572000	Я вообще в этом никакого смысла не вижу,
572000	574000	потому что я и не работаю на же разжигание.
574000	576000	То есть я работаю на здоровье.
576000	578000	И для здоровья это вообще никакого значения не имеет.
578000	580000	Понял, понял.
580000	582000	Так, прогресс.
582000	584000	Как фиксируешь прогресс?
584000	586000	Вес, замеры,
586000	588000	фото, шаги,
588000	590000	солнцем и чувствием.
590000	592000	Ну вот как раз таки, потому что я сильно-то
592000	594000	на вену оснижения веса не работаю, как бы, да.
594000	596000	У меня, допустим, могут быть фотографии.
596000	598000	Это если как раз по лосанке, например,
598000	600000	там, да, вот,
600000	602000	по диастазу.
602000	604000	То есть это вот такой
604000	606000	замер специфический, так скажем.
606000	608000	Вот это могут быть иногда фотографии,
608000	610000	иногда просто цифры.
610000	612000	Вот и как раз таки вот в этих анкетах,
612000	614000	которые они заполняют. Там есть как бы цифры.
614000	616000	Вот.
616000	618000	И потом их можно заново заполнять
618000	620000	и смотреть динамику.
620000	622000	Вот как правило, очень объективно получается.
624000	626000	Хорошо, понял.
626000	628000	Так.
628000	630000	Оплаты, как у тебя организовано?
630000	632000	Разого, пакеты, подписки?
632000	634000	Подписок у меня нет.
634000	636000	У меня есть либо абонемент,
636000	638000	если человек в мини-группу приходит.
638000	640000	Если он персонально,
640000	642000	то, в основном, это разого.
642000	644000	Если это онлайн-сопровождение,
644000	646000	то там чаще именно что-то типа,
646000	648000	все-таки, да, пакета какого-то.
648000	650000	Ну, в смысле, что вот он, например,
650000	652000	сразу четыре тренировки оплачивает
652000	654000	или сразу восемь.
654000	656000	Там есть какое-то сопровождение.
656000	658000	Ну, ты пришла к этому,
658000	660000	что за тябимых какая-то была предсказуемость, да?
660000	662000	Ну, не сказать. Это просто не то,
662000	664000	что вы предсказуемость. Это изначально человеку
664000	666000	выбор. Ну, то есть, хочешь, будем с тобой
666000	668000	встречаться каждый раз, и ты мне 5 тысяч
668000	670000	платишь, как бы, вот. Но тебе же
670000	672000	лучше, если ты будешь платить всего лишь 3-500
672000	674000	и сразу купишь четыре тренировки.
674000	676000	Я понимаю, что ты серьезно настроен,
676000	678000	как мне тренировки, четыре, как бы,
678000	680000	встречи. И я понимаю,
680000	682000	что ты серьезно настроен, и мы работаем
682000	684000	без перерывов, как бы, да, то есть,
684000	686000	тогда основательнее получается.
686000	688000	Потому что те, кто разого, с одной стороны, мне выгоднее,
688000	690000	потому что мне дороже заплатит.
690000	692000	Вот, но с другой стороны, конечно, стабильности,
692000	694000	как именно, в плане результата,
694000	696000	такое нету. Вот.
696000	698000	Поэтому вот так вот.
698000	700000	А то этих разовых я понял.
700000	702000	Нет, есть тех, кто ко мне просто приходит
702000	704000	не на сопровождение, а вот просто
704000	706000	пришли, позанимались, как бы, раз в неделю.
706000	708000	А еще два раза в неделю
708000	710000	они сами делают упражнение. То есть, у меня есть форма,
710000	712000	когда мы на видео записываем,
712000	714000	то, что они делают, то есть, они прям
714000	716000	свой телефон записывают, комплекс,
716000	718000	который мы осваиваем. Вот.
718000	720000	И потом они повторяют,
720000	722000	они обязательно уже дома это делают.
722000	724000	Вот. И тогда мы
724000	726000	по такому, ну, работаем, то есть, у нас
726000	728000	продвижение происходит за счет этого.
728000	730000	То есть, вот мы и разобрали первый комплекс,
730000	732000	они его освоили, мы двигаемся дальше,
732000	734000	там упражнение сложнее, да, то есть,
734000	736000	ну, терапевтический результат, как бы, дальше идет.
736000	738000	То есть, мы по-нарастающей, как бы, да, вот уже,
738000	740000	и в конечном итоге, в принципе,
740000	742000	за четыре таких встречи человек
742000	744000	выходит на все свои итоговые комплексы упражнений,
744000	746000	который может делать хоть всю жизнь.
746000	748000	Вот. И дальше хочет он уже к этому
748000	750000	добавляет какие-то еще нагрузки,
750000	752000	пошел в фитнес-зал, пошел на танцы.
752000	754000	Я просто консультирую, что, ну, желательно,
754000	756000	что нежелательно.
756000	758000	Ну, то есть, чтобы это было безопасно,
758000	760000	чтобы мы не потеряли результат в плане именно
760000	762000	терапевтического воздействия.
762000	764000	Ну, то есть, у меня нету цели привязать на всю жизнь
764000	766000	к себе человека, да, то есть, бывают такие,
766000	768000	кто вот восстановился, и пошли заниматься
768000	770000	дальше. Вот. И как бы, я их
770000	772000	к этому готовлю. А есть те,
772000	774000	кто вот восстановился, и дальше дома просто
774000	776000	хоть всю жизнь делают эту свою гимнастику,
776000	778000	которую они освоили, и все.
778000	780000	Чувствуются хорошо.
780000	782000	У него хорошо.
782000	784000	Хорошо, Тена.
784000	786000	Так, вопрос, как ты там
786000	788000	финансы учитываешь,
788000	790000	на долгах напоминаешь,
790000	792000	об продлении плавы напоминаешь?
792000	794000	Ну, у меня есть два формата.
794000	796000	Бывает,
796000	798000	я как-то, ну, бывает, что есть
798000	800000	именно предоплата, да, то есть,
800000	802000	человек, например, 50%
802000	804000	оплачивает, когда он записался,
804000	806000	50% уже на тренировке.
806000	808000	Если сопровождение,
808000	810000	то, соответственно, как бы, всю тавличку
810000	812000	происходит, вот, как-то
812000	814000	ну, не знаю,
814000	816000	у меня каких-то прям проблем нету,
816000	818000	что кто-то что-то мне должен был, то есть,
818000	820000	у меня всегда либо оплата до тренировки,
820000	822000	либо сразу после.
822000	824000	Ну, все, как естественным таким путем
824000	826000	происходит, да? Ну, да, у меня потому,
826000	828000	что, может быть, ли мама штаба небольшая,
828000	830000	ну, не знаю, ну, короче, у меня как-то так, да.
830000	832000	Так, вопрос про стек.
832000	834000	Это набор этих инструментов,
834000	836000	которым ты пользуешься.
836000	838000	Что тебя вот
838000	840000	раздражает в том, чем ты пользуешься?
840000	842000	Что бы тебе хотелось поменять?
844000	846000	Я, по-моему, в итоге что-то написала.
846000	848000	Ты написала, что
848000	850000	ты не понимаешь, что такое стек?
850000	852000	Нет, потом я, по-моему, что-то написала,
852000	854000	где-то было вопрос, что меня раздражает,
854000	856000	и я, по-моему, написала, что меня раздражает.
856000	858000	Ну, по-моему,
858000	860000	то, что я готова делегировать,
860000	862000	что именно какое-то контент,
862000	864000	вот работа с контентом,
864000	866000	работа, вот что-то такое,
866000	868000	то, что реально непосредственно с работой,
868000	870000	ну, с тренировками не связано.
870000	872000	Ну, это, конечно, очень сложно
872000	874000	найти такого человека,
874000	876000	еще и заработать на его зарплату,
876000	878000	поэтому, как бы, я поэтому и очень мало
878000	880000	этим занимаюсь, потому что, в целом,
880000	882000	мне даже это и нравится, может быть,
882000	884000	но у меня просто на это времени не хватает.
884000	886000	И как бы, это по остаточному принципу,
886000	888000	поэтому вот я это, когда делегировала,
888000	890000	я на это делегировала.
892000	894000	Хорошо, я понял.
894000	896000	Так, оплата у тебя как
896000	898000	наличкой через карту, через,
898000	900000	я не знаю, там...
900000	902000	Ну, у меня получается
902000	904000	кабинет самозанитого в Сбербанке.
904000	906000	И, в основном,
906000	908000	все плачут вот переводами,
908000	910000	либо наличными,
910000	912000	и я просто там формирую чеки.
912000	914000	Вот, у меня, в принципе,
914000	916000	есть возможность, чтобы кто-то
916000	918000	сплит, допустим.
918000	920000	Но я этим, пока, как-то активно
920000	922000	мне не пришлось пользоваться.
922000	924000	То есть, я в продамусе зарегистрировалась,
924000	926000	там в рабокассе зарегистрировалась,
926000	928000	чтобы еще из-за рубежа
928000	930000	принимать оплаты, но как-то вот
930000	932000	сразу это не получилось.
932000	934000	Именно из-за рубежа не прошла оплата,
934000	936000	поэтому
936000	938000	как-то не знаю.
938000	940000	Поэтому просто переводом опять мы делали.
940000	942000	То есть, народка,
942000	944000	платежаспособный сплит не понадобился,
944000	946000	из-за рубежа так себе.
946000	948000	Не очень доходит, да, деньги?
948000	950000	Ну да, я просто со сплитом
950000	952000	понимаешь это, когда ты масштабируешься,
952000	954000	когда ты уже прям это.
954000	956000	У меня еще внутренний барьер, понимаешь?
956000	958000	Я не сильно хочу, чтобы чеку какую-то рассрочку
958000	960000	залазила за моих занятий.
960000	962000	Я понимаю, да, да, это тоже такой фактор.
962000	964000	Поэтому, как бы,
964000	966000	я еще не говорю, не настолько
966000	968000	у меня масштаб, чтобы вот это вот прям...
968000	970000	Хотя, я готова к этому,
970000	972000	в принципе, так,
972000	974000	я очень готова уже все там попробовала,
974000	976000	сама поэтому сплиту оплатила,
976000	978000	чтобы проверить, как это сработает.
978000	980000	Все сработало нормально, как бы.
980000	982000	То есть, могу, если надо,
982000	984000	принять такую оплату.
984000	986000	У тебя, в принципе, сейчас Елисей,
986000	988000	ты с ним много времени, да?
988000	990000	Да, да, да.
990000	992000	Сейчас по мере того, как он вырастет,
992000	994000	станет более самостоятельным,
994000	996000	у тебя будет высвобождаться время, так, да?
996000	998000	Примерно, да. То есть, там все привязано к тому,
998000	1000000	что я его на занятия ввожу,
1000000	1002000	чтобы вот именно занять.
1002000	1004000	Так-то он, в плане, в саде ходит,
1004000	1006000	я его ввожу постоянно на занятия,
1006000	1008000	и это, соответственно,
1008000	1010000	занимает много времени.
1010000	1012000	Так, ты у нас
1012000	1014000	официально все делаешь,
1014000	1016000	без всяких вот этих вот...
1016000	1018000	Хорошо.
1018000	1020000	Так,
1020000	1022000	про рутину ты написала,
1022000	1024000	про движение.
1024000	1026000	Про рутину ты написала,
1026000	1028000	какое завтра бы отдала уже
1028000	1030000	движение.
1030000	1032000	Ну да, потому что, на самом деле, это рутина.
1032000	1034000	Это надо постоянно выкладывать что-то.
1034000	1036000	Ну как бы.
1036000	1038000	Когда у меня был человек,
1038000	1040000	который помогал мне, это было здорово,
1040000	1042000	на самом деле.
1042000	1044000	Хорошо.
1044000	1046000	Так,
1046000	1048000	где ты теряешь деньги и время?
1052000	1054000	Я так поняла,
1054000	1056000	что, наверное, теряю
1056000	1058000	на этапе, когда человек заявляется,
1058000	1060000	может быть, я не сразу понимала,
1060000	1062000	какой формат для него
1062000	1064000	доступен.
1064000	1066000	И, например, я могу ему предложить,
1066000	1068000	допустим, слишком дорогой формат,
1068000	1070000	ну, более эффективный, да?
1070000	1072000	И он вообще ничего не берет,
1072000	1074000	потому что он на этот формат, как бы, ну, не готов,
1074000	1076000	просто финансово.
1076000	1078000	А как бы я сейчас, ну, в последнее время,
1078000	1080000	я максимально разные варианты
1080000	1082000	предлагаю человеку, чтобы у него был выбор,
1082000	1084000	чтобы он мог и на недорогой
1084000	1086000	формат здесь, типа дороже,
1086000	1088000	и для себя на ходу перестроится,
1088000	1090000	как бы вот, когда я вот это
1090000	1092000	поняла для себя, то, в принципе, вот это
1092000	1094000	мне помогло.
1094000	1096000	Ну, второе, ну, как бы, потенциально
1096000	1098000	можно потерять, если, не все-таки,
1098000	1100000	зарубежных клиентов будет больше,
1100000	1102000	а я эти оплаты не научусь принимать.
1102000	1104000	Потому что, кстати, тогда у них пока не прошло.
1104000	1106000	То есть, в чем там была проблема, не знаю,
1106000	1108000	но и не так уж и много возможностей
1108000	1110000	экспериментировать с этим.
1110000	1112000	Вот.
1112000	1114000	Поэтому как бы вот здесь
1114000	1116000	можно, в теоретически,
1116000	1118000	потерять именно деньги.
1118000	1120000	А есть такое, что сейчас записался
1120000	1122000	и не пришел?
1122000	1124000	Ну, вот у меня с этим, на слава Богу, все хорошо,
1124000	1126000	потому что я, конечно, напоминаю,
1126000	1128000	во-первых, так, как бы, всегда,
1128000	1130000	то есть, я не рассчитываю, что человека
1130000	1132000	неделю назад записался и он придет.
1132000	1134000	То есть, я, конечно, на комму не спрашиваю,
1134000	1136000	все листили, да, как бы.
1136000	1138000	Или бы этот день, то есть, если человека что-то
1138000	1140000	получилось, то мы поблуждеваем, все перестроятся.
1140000	1142000	Вот.
1142000	1144000	Особенно, если берешь предоплату, так вообще чудесно,
1144000	1146000	по-любому придет, потому что предоплату
1146000	1148000	остается.
1148000	1150000	Поэтому как-то вот...
1150000	1152000	Ну, напоминаю-ки, да, у меня есть
1152000	1154000	СМС-ки какие-то там.
1154000	1156000	Я говорю, у меня же немного объема, поэтому
1156000	1158000	я как бы это все в ручном режиме делаю.
1158000	1160000	У тебя где-то 11-20 человек,
1160000	1162000	10-20 вот так вот, да, сейчас?
1162000	1164000	Да, у меня просто есть,
1164000	1166000	кто постоянно в руках ходит.
1166000	1168000	Это
1168000	1170000	4-5
1170000	1172000	утренних, и там, условно говоря,
1172000	1174000	5 дневных,
1174000	1176000	это 10 человек, которые все время в группы
1176000	1178000	ходят. Ну, кто-то может не прийти
1178000	1180000	там, да, то есть, ну, вот так.
1180000	1182000	И персональных, которые хотя бы, ну,
1182000	1184000	там, раз в месяц, я с ним встречаюсь,
1184000	1186000	наверное, еще человек
1186000	1188000	наберется 5 вот так вот.
1188000	1190000	То есть, этого 15 человек,
1190000	1192000	наверное, ну, именно просто,
1192000	1194000	которых я вот разных вижу за месяц,
1194000	1196000	скажем так. А сколько уже не придут,
1196000	1198000	кто-то 2 раза в неделю приходит в группу,
1198000	1200000	кто-то раз в неделю на персоналку.
1200000	1202000	А они как,
1202000	1204000	к тебе записываются предварительно?
1204000	1206000	Ну, конечно, да.
1206000	1208000	По группам табильно ходят, да?
1208000	1210000	Нет, они все равно должны записаться.
1210000	1212000	То есть, у меня уже просто
1212000	1214000	все упрощено, так как небольшой поток
1214000	1216000	у меня просто есть час, и все.
1216000	1218000	Я спрашиваю девочке, кого завтра жду.
1218000	1220000	Если каждый только один человек, то мы это меняем,
1220000	1222000	они уже знают. То есть,
1222000	1224000	они знают, что если они записались,
1224000	1226000	не пришли, то оплата загорит.
1226000	1228000	Ну, как бы это все налажено.
1228000	1230000	Хорошо, понял.
1230000	1232000	Так.
1232000	1234000	ЦРМками
1234000	1236000	ты особо не пользовалась?
1236000	1238000	Или ты даже не знаешь, что это такое?
1238000	1240000	Ну, ты мне сказал,
1240000	1242000	что это такое?
1242000	1244000	ЦРМка это как
1244000	1246000	программа для управления взаимоотношения
1246000	1248000	с клиентами.
1248000	1250000	Ой, там, короче,
1250000	1252000	клиенте,
1252000	1254000	а каждым контакте с ним,
1254000	1256000	динамика прохождения, его по всяким этапам.
1256000	1258000	Нет, единственное,
1258000	1260000	что вот в Бизоним,
1260000	1262000	когда я именно набирала онлайн курсы,
1262000	1264000	ну там я видела, да, сколько у меня
1264000	1266000	учеников, как они проходят уроки,
1266000	1268000	а собирают ли комментарии,
1268000	1270000	какие уроки открываются, там
1270000	1272000	вспомнили анкеты, ну вот это вот так.
1272000	1274000	Самое, наверное, прибереженное к тому, что было.
1274000	1276000	Угу.
1276000	1278000	Угу.
1278000	1280000	Насколько для тебя
1280000	1282000	актуально важно,
1282000	1284000	чтобы в приложении была форма,
1284000	1286000	куда он мог записывать свои данные
1286000	1288000	самостоятельно?
1290000	1292000	Ну вот у меня, наверное, нет,
1292000	1294000	конкретно в текущих условиях.
1294000	1296000	Угу.
1296000	1298000	Допустим, когда онлайн курсы были,
1298000	1300000	то там, например, да, надо было, допустим,
1300000	1302000	ну, то сам анкету заполните,
1302000	1304000	в этой анкете, в принципе, еще написано,
1304000	1306000	да, и так далее.
1306000	1308000	Угу.
1308000	1310000	Нет, ну сейчас же, кстати, они у меня
1310000	1312000	сами анкеты заполняют, то есть вот они
1312000	1314000	в анкете там все это есть, все болячки там,
1314000	1316000	я не знаю, прям все конкретные
1316000	1318000	вопросы, чтобы я все поняла про человеку,
1318000	1320000	то есть он все сам это там заполняет.
1320000	1322000	Угу.
1322000	1324000	Я понял. Так, скажи,
1324000	1326000	сколько в среднем клиент платится
1326000	1328000	за сопровождение в месяц? Ну, ориентировочно.
1328000	1330000	Ну, если получается
1330000	1332000	это
1332000	1334000	мини-группа, то
1334000	1336000	шесть тысяч где-то примерно
1336000	1338000	получается. Это я слышу там того,
1338000	1340000	что он, честно, не каждый раз
1340000	1342000	приходит. Ну, там, например,
1342000	1344000	их десяти тренировок пришел на восемь,
1344000	1346000	допустим, за месяц.
1346000	1348000	Вот, ну где-то получается вот тысяч
1348000	1350000	шесть. Угу.
1350000	1352000	Вот есть этот персональщик,
1352000	1354000	только правило же, они ко мне не часто
1354000	1356000	приходят. Угу. То есть, получается,
1356000	1358000	что это где-то пять, либо
1358000	1360000	десять тысяч в месяц. Ну, десять, это
1360000	1362000	там уже редко. То есть, скорее, вот
1362000	1364000	я так и посчитала, что где-то у меня
1364000	1366000	тысяч пять, шесть, наверное, в месяц
1366000	1368000	мне клиент в среднем отдает.
1368000	1370000	Угу. Я понял. То есть,
1370000	1372000	индивидуальчик
1372000	1374000	это, в принципе, там за одну встречу,
1374000	1376000	там, порядка, пять тысяч,
1376000	1378000	а эти, там,
1378000	1380000	что-то получается, пятьсот-сосот
1380000	1382000	за занятие, да, в группе? Не,
1382000	1384000	у меня получается в группе занятия стоят
1384000	1386000	восемьсот, либо семьсот.
1386000	1388000	То есть, во взроса восемьсот, в детской
1388000	1390000	восемьсот, если обанимент,
1390000	1392000	то там чуть дешевле. Угу.
1392000	1394000	А встреча персональная стоят
1394000	1396000	минимум две пятьсот, максимум
1396000	1398000	пять. То есть, ну, там, в зависимости
1398000	1400000	это за одну встречу, в зависимости
1400000	1402000	там от того, чем мы конкретно занимаемся.
1402000	1404000	Угу.
1404000	1406000	И, соответственно, может быть, вот за две пятьсот
1406000	1408000	человек ко мне может раз неделю приходить. У меня есть такой человек.
1408000	1410000	Угу. Есть кто-то, допустим,
1410000	1412000	два раза в месяц пришел, мы все разобрали
1412000	1414000	и все, я его отпустила. Угу.
1414000	1416000	Ну, и другой, какой-нибудь появился, в котором тоже два раза в месяц.
1416000	1418000	А есть тот, который раз в месяц за пять
1418000	1420000	ко мне обращается. Угу.
1420000	1422000	Угу. Поэтому и получается, что
1422000	1424000	у меня где-то пять тысяч в среднем в месяц
1424000	1426000	каждый человек, вот кто у меня есть,
1426000	1428000	составляет так примерно. Угу.
1428000	1430000	Хорошо.
1430000	1432000	Так, вот сейчас вопрос такой немножко
1432000	1434000	сложный тебе задать его, потому что
1434000	1436000	ты говоришь на тридцать процентов занятом.
1436000	1438000	Да.
1438000	1440000	Вопрос.
1440000	1442000	Ну, ты его читала, вот сколько
1442000	1444000	ты готов платить в месяц за сервис,
1444000	1446000	который экономит 3-5 часов в неделю,
1446000	1448000	помогает удерживать клиента.
1448000	1450000	Угу.
1450000	1452000	Вот ты говоришь, сейчас у тебя где-то в неделю
1452000	1454000	в общей сложности где-то час идет,
1454000	1456000	уходит на эту операционку.
1456000	1458000	Соответственно, в три раза увеличить
1458000	1460000	получится три часа.
1460000	1462000	Угу.
1462000	1464000	Вот, если эту рутину
1464000	1466000	минимизировать
1466000	1468000	в неделю,
1468000	1470000	ну и как помогает их удерживать,
1470000	1472000	исправлять все эти
1472000	1474000	цены? Как ты считаешь, как
1474000	1476000	справедливая цена для такого приложения?
1476000	1478000	Я даже не знаю.
1478000	1480000	Я вот больше как-то вижу, что это
1480000	1482000	наверное не тех, у кого прямо группы.
1482000	1484000	Да-да.
1484000	1486000	Небольшой поток по группам, потому что
1486000	1488000	действительно, когда к тебе, например,
1488000	1490000	может прийти на одно занятие 8-10 человек,
1490000	1492000	и тебе правда их всех записать,
1492000	1494000	отметить, да, ну как бы,
1494000	1496000	это вот принятие платы.
1496000	1498000	Вот это я, у тебя теперь таких тренировок
1498000	1500000	в три в день, допустим, да, вот тогда,
1500000	1502000	это прям очень важное нужно.
1502000	1504000	И там, начиная, наверное, от 2000
1504000	1506000	в месяц, я бы за это спокойно платила.
1506000	1508000	Угу. Угу. Я так думаю.
1508000	1510000	Потому что это по факту заменяет
1510000	1512000	администратора, который раньше сидел
1512000	1514000	на рецепшене, там, и принимал эти звонки,
1514000	1516000	да, там, всех записывал, отмечал абонементы,
1516000	1518000	там. Угу.
1518000	1520000	И зарабатывал 15 тысяч в месяц, допустим,
1520000	1522000	да, там, в какой-нибудь студии или
1522000	1524000	в клубе. Ну да.
1524000	1526000	Ну вот, то есть я думаю, что вот от 2000
1526000	1528000	точно я бы легко вообще отдала за это,
1528000	1530000	потому что, может быть, 5000 долларов,
1530000	1532000	в принципе, то есть, ну, в зависимости от того,
1532000	1534000	наверное, какой у меня общий доход, и насколько
1534000	1536000	мне это все экономит. Угу.
1536000	1538000	Вот так.
1538000	1540000	Хорошо. Так, ну,
1540000	1542000	в принципе, это, следующая
1542000	1544000	вопрос, наверное, тоже далека от тебя.
1544000	1546000	Для тебя предпочтительная модель, в таком
1546000	1548000	случае, оплаты какая была бы?
1548000	1550000	Фиксированная, за клиента,
1550000	1552000	или как?
1552000	1554000	Ну вот, например, тот же самый Бизонс,
1554000	1556000	который, в принципе, аналогит курса, да.
1556000	1558000	Угу.
1558000	1560000	Чем он подкупает, для начинающих тренерах
1560000	1562000	там оплата за ученика.
1562000	1564000	Угу.
1564000	1566000	И соответственно, ну, тренеров не важно,
1566000	1568000	кто там, те, кто там, свои курсы.
1568000	1570000	И это очень вызовно, когда ты только раскручиваешься.
1570000	1572000	То есть это вообще копейки просто.
1572000	1574000	Угу.
1574000	1576000	Вот, а когда у тебя уже их много,
1576000	1578000	тогда ты уже просто можешь какой-то
1578000	1580000	фиксированной, может быть, что-то платить.
1580000	1582000	Угу.
1582000	1584000	Для того, чтобы, например, просто попробовать
1584000	1586000	нормально было бы, начинать, допустим,
1586000	1588000	или какой-то тестовый период,
1588000	1590000	когда только за ученика хватишь, например.
1590000	1592000	Да, допустим,
1592000	1594000	сколько там, месяц, два, три.
1594000	1596000	А потом ты все это наладил, привыкся, понравилось
1596000	1598000	и ты готов уже там, ну, полностью
1598000	1600000	оплачивать.
1600000	1602000	Угу. Хорошая масса.
1602000	1604000	Угу.
1604000	1606000	Хорошо.
1606000	1608000	Так.
1608000	1610000	Эти
1610000	1612000	ты не пользовалась, это я у тебя спросил.
1612000	1614000	Ну, скажи.
1614000	1616000	Приложение
1616000	1618000	для фитнес-тренера.
1618000	1620000	Лично для тебя какие-бы
1620000	1622000	наиболее важные функции были бы?
1624000	1626000	Для меня, наверное, да,
1626000	1628000	возможность вести карточку клиента.
1628000	1630000	Чтобы, вот, знаешь, какой-то
1630000	1632000	был итоговая информация.
1632000	1634000	То есть мне сейчас надо, да, отдельно открыть анкету, да,
1634000	1636000	посмотреть там.
1636000	1638000	И потом отдельно открыть заметку,
1638000	1640000	там, допустим, какую-нибудь.
1640000	1642000	Я сейчас и сразу вот представлялась.
1642000	1644000	Вы знаете, так исходные данные, так вот,
1644000	1646000	тренировка вот эта, да, ну, как-то вот,
1646000	1648000	чтобы это было как-то вот так.
1648000	1650000	Ну, я, в принципе, наверное, и сама, ну,
1650000	1652000	у меня еще просто такая спецтичка, понимаешь,
1652000	1654000	ну, вообще, у меня такие вопросы,
1654000	1656000	которые вообще, наверное, никто из тренировки
1656000	1658000	не задает.
1658000	1660000	То есть там, в любом случае, это будет прям, ну,
1660000	1662000	настройка должна быть прям очень такая
1662000	1664000	индивидуальная, знаешь.
1664000	1666000	И анкеты там, ну, то есть у меня
1666000	1668000	вообще на основании медицинских опросников.
1668000	1670000	То есть какой-то синтез, чтобы я могла
1670000	1672000	открыть и сразу все увидеть, там, может быть.
1672000	1674000	Не знаю.
1674000	1676000	Ну, как-то вот.
1676000	1678000	Какие-то графики, динамику показывающие.
1678000	1680000	Еще что-то такое, да?
1680000	1682000	Ну, опять же, я не так много ее измеряю.
1682000	1684000	Видишь, я же не измеряю, там,
1684000	1686000	рост, ой, там, вес, там, постоянно,
1686000	1688000	знаешь, что это все, как бы.
1688000	1690000	Я, да, миски-то замерю, но там, не знаю.
1690000	1692000	Особенно говоря,
1692000	1694000	мы замеряем в разницу до хаевых,
1694000	1696000	до хаевых, и смотрим,
1696000	1698000	это не заблокирована диафрагма или нет.
1698000	1700000	Угу.
1700000	1702000	У меня прям все очень это индивидуально.
1702000	1704000	Угу.
1704000	1706000	Ну, больше не на динамику,
1706000	1708000	больше вот на текущую ситуацию
1708000	1710000	и вектор, ну, куда двигается.
1710000	1712000	Вот так у тебя больше направлено, да?
1712000	1714000	Диагностика, ну, с одной стороны, да.
1714000	1716000	Угу.
1716000	1718000	С другой стороны, ну, и как бы, все-таки,
1718000	1720000	динамика есть. То есть у него было
1720000	1722000	равенство между вдохом и выдохом 4 сантиметра,
1722000	1724000	то есть вообще диафрагма не дешала,
1724000	1726000	как там человек.
1726000	1728000	Вот, а потом стало 8 сантиметров.
1728000	1730000	Все, мы уже достигли максимума,
1730000	1732000	который, ну, как бы, практически.
1732000	1734000	То есть дальше мне уже не обязательно работать.
1734000	1736000	8 уже есть, все отлично.
1736000	1738000	То есть мы разработали диафрагму.
1738000	1740000	Угу.
1740000	1742000	Работали на тренажое, там снимали зажимы
1742000	1744000	способы ночника.
1744000	1746000	Была боль, допустим, на 8-рочку,
1746000	1748000	и 10.
1748000	1750000	А теперь вообще ложиться ничего не болит.
1750000	1752000	Угу.
1752000	1754000	Угу.
1754000	1756000	А сейчас давлю сколько хочу
1756000	1758000	и вообще не больно.
1758000	1760000	Ну, то есть все так, все.
1760000	1762000	Значит, зажимы прошли.
1762000	1764000	У меня вот такая вот оценка.
1764000	1766000	Ага.
1766000	1768000	Ну, есть там еще, конечно,
1768000	1770000	да, ну, у меня вот, как бы,
1770000	1772000	больше медицинская какая-то.
1772000	1774000	Ну, есть, конечно, что типа, там,
1774000	1776000	я не знаю, наклоняться в одну сторону,
1776000	1778000	там, такой раз, и я раньше это делала,
1778000	1780000	чтобы скалеоза тестировать, там.
1780000	1782000	Если когда вот поток прям,
1782000	1784000	вот, у меня, кстати, есть лейдер-коллега,
1784000	1786000	может быть, ее, но она тоже
1786000	1788000	индивидуальщица, она
1788000	1790000	инструктора у ФРК, к ней приходит
1790000	1792000	у нее либо один человек, либо два, то есть
1792000	1794000	максимум, ну, склит.
1794000	1796000	И у нее там есть, там, кто-то дети
1796000	1798000	со скалеозами, кто-то там взрослый,
1798000	1800000	кто-то там, ну, в общем, раз с разными
1800000	1802000	тоже, там, проблемами со здоровьем.
1802000	1804000	Вот она, видишь, дневники пишет там,
1804000	1806000	кто, когда записан, просто от руки вообще.
1806000	1808000	То есть, сколько записан,
1808000	1810000	кто, ну, и, в принципе, все.
1810000	1812000	Как-то у нее все тоже
1812000	1814000	очень примитивно, вот, я смотрю.
1814000	1816000	Вот, поэтому, и даже, по-моему,
1816000	1818000	предоплаты у нее нет.
1820000	1822000	Все на отношениях.
1822000	1824000	Слушай, хорошо.
1826000	1828000	Таня, скажи, а у тебя есть
1828000	1830000	какие-то твои коллеги,
1830000	1832000	тренеры, которых ты,
1832000	1834000	к примеру, могла бы мне для интервью
1834000	1836000	порекомендовать?
1836000	1838000	Вот есть Лена, у которой, я говорю,
1838000	1840000	походу все еще проще, чем у меня.
1840000	1842000	Да, как бы, насколько тебе интересно
1842000	1844000	с ней разговаривать.
1844000	1846000	Ну, она понимает уже больше в сторону
1846000	1848000	медицины.
1848000	1850000	В сторону фитнеса.
1850000	1852000	Ну, Максима, Анишин, который спрашивал,
1852000	1854000	да, наверное?
1854000	1856000	Да, общался с ним, да.
1856000	1858000	Ну, у меня вот есть и только еще одна коллега
1858000	1860000	в зале, ну, это у нее не такой
1860000	1862000	шпоток, она ведет, допустим, в неделю
1862000	1864000	наверное, не больше пяти групп
1864000	1866000	у нее, наверное, персональщиков
1866000	1868000	в неделю, человек тоже, может быть,
1868000	1870000	ну, от силы, наверное,
1870000	1872000	пять,
1872000	1874000	которые к ней по два раза в неделю приходят.
1874000	1876000	Ну, вот как у тебя фактически, да?
1876000	1878000	Ну, у нее побольше
1878000	1880000	немножко поток, чем у меня. Просто у нее тоже
1880000	1882000	это не основная сфера, у нее там еще шоу-балет,
1882000	1884000	поэтому как-то так.
1884000	1886000	Там все собрались в нашем зале, вот какие вот,
1886000	1888000	знаешь, полузаниты.
1888000	1890000	Полузаниты, я. Другая еще,
1890000	1892000	шиет одежду, какую-то там,
1892000	1894000	циническую, в общем, параллельно,
1894000	1896000	поэтому так.
1898000	1900000	Хорошо. Хорошо.
1900000	1902000	Хорошо.
1902000	1904000	Я думаю, такие их можно найти на Авито.
1904000	1906000	Ну, тренеров, которые предлагают
1906000	1908000	свои услуги на Авито.
1908000	1910000	Вот они там, как раз,
1910000	1912000	самозанятые.
1914000	1916000	Хорошо. Хорошо, Тань.
1916000	1918000	Я понял, в принципе, я вот с вопросами
1918000	1920000	со своими закончил.
1920000	1922000	Вот.
1922000	1924000	И...
1924000	1926000	Ну, я не знаю, насколько тебе будет интересно
1926000	1928000	через какое-то время, если я
1928000	1930000	принесу прототип посмотреть.
1930000	1932000	Может, ты своим взглядом скажешь,
1932000	1934000	что это...
1934000	1936000	Покритикуешь, предложишь.
1936000	1938000	Можно будет это сказать?
1938000	1940000	Ну, все вам я думаю, да, могу обратно
1940000	1942000	связать.
1942000	1944000	Хорошо, Тань. Слушай, ну, спасибо тебе
1944000	1946000	большое за то, что так много времени
1946000	1948000	мне уделила.
1948000	1950000	Вот.
1950000	1952000	Спасибо большое.
1952000	1954000	Пожалуйста, я, кстати, когда думала
1954000	1956000	про приложение для себя, я вот как раз
1956000	1958000	думала в другую сторону.
1958000	1960000	Какую? Я думала, что мне нужно
1960000	1962000	вообще какое-то приложение, как
1962000	1964000	инструмент продвижения, все-таки
1964000	1966000	говорят с этим темом, когда человек
1966000	1968000	устанавливает, пускай даже бесплатное
1968000	1970000	и он что-то про себя через это приложение
1970000	1972000	узнает. Про себя?
1972000	1974000	Если у тебя диастаз, если у тебя
1974000	1976000	опущение органа, в какой степени, то
1976000	1978000	ты вестируй свое женское здоровье.
1978000	1980000	Выясняешь, что
1980000	1982000	да, у меня есть диастаз, точно,
1982000	1984000	есть синктомы опущения.
1984000	1986000	Дальше, там, тебе предлагается
1986000	1988000	небольшой теоретический вебинар.
1988000	1990000	Посмотреть, но у меня есть такие
1990000	1992000	вебинары, где ты можешь
1992000	1994000	понять, как решить эту проблему.
1994000	1996000	Да, и дальше, допустим, уже
1996000	1998000	ты понимаешь все, ты осознал,
1998000	2000000	какая проблема, ты понимаешь, что тебе надо
2000000	2002000	решать, что тебе поможет в ее решении
2002000	2004000	и тебе все столько программы уже
2004000	2006000	упражнений. Вот, и дальше
2006000	2008000	уже какая-то продажа.
2008000	2010000	Ну, допустим, там, через
2010000	2012000	вебинары, через еще что-то
2012000	2014000	сейчас, как бы, я понимаю,
2014000	2016000	что начинается вот такая тема.
2016000	2018000	Учитывая все эти блокировки,
2018000	2020000	как-то вот продвигаться
2020000	2022000	через приложение. И это приложение
2022000	2024000	может стать, в принципе, заменой
2024000	2026000	гид-курсу, например. Ну, как бы, просто
2026000	2028000	ты его покупаешь определенную версию,
2028000	2030000	она бесплатная, ну, не покупаешь,
2030000	2032000	сначала бесплатная версия, да, потом
2032000	2034000	ты немножко платишь, у тебя там вот это еще можно,
2034000	2036000	вот это и так далее. И хоть вообще
2036000	2038000	онлайн-кус купить, там, за 50
2038000	2040000	тысяч, как говорится.
2040000	2042000	То есть, я вот больше вот про себя думала
2042000	2044000	в эту сторону, вообще.
2044000	2046000	Ну, это опять же, ты надо же этим
2046000	2048000	заниматься и иметь время на это и так далее.
2050000	2052000	Получается такое приложение,
2052000	2054000	как воронка. Человек
2054000	2056000	да, да, да, да.
2056000	2058000	Да, Леш, получается
2058000	2060000	парень молодой, с которым я вот общаюсь
2060000	2062000	и консультируюсь, как бы, который мне вообще помогает
2062000	2064000	в продвижении, он большой умничка, он мне
2064000	2066000	очень помог, я говорю, из своей базы
2066000	2068000	выжила еще, ну, кучу пользы.
2068000	2070000	Вот он мне про это тоже рассказал.
2070000	2072000	То есть, я думала, он мне более подробно рассказал,
2072000	2074000	как это сейчас делают.
2074000	2076000	Вот, то есть, да, приложение по факту служит
2076000	2078000	воронкой. Попрос ли, что, как, а вон
2078000	2080000	про него, как, говорит, то знают. То есть, это
2080000	2082000	изначально какая-то замануха, то есть, типа, вот там,
2082000	2084000	ну, установи и проверь себя, там,
2084000	2086000	да, вот в каком-то, там, в каком-то
2086000	2088000	инспекте, в которой тебя интересует.
2088000	2090000	Я бы, наверное, да, так, типа, там,
2090000	2092000	оценившую, там, женское здоровье,
2092000	2094000	ну, не знаю, что он говорит.
2094000	2096000	Вот, я про это думаю. А про рутину,
2096000	2098000	вот, про это, про все, вот это, вот, да,
2098000	2100000	это, как бы, я знаю, что, вроде, Катя, что-то
2100000	2102000	там пользовалась, чем-то таким.
2102000	2104000	Ну, да, я с Катей разговаривал,
2104000	2106000	у нее спросил, кого-то мне
2106000	2108000	порекомендующий, она тебя порекомендовала
2108000	2110000	и все, да.
2110000	2112000	Ну, вот, а, как бы,
2112000	2114000	она чем пользуется, то есть, у нее какие-то
2114000	2116000	есть на работке, вот, чем она пользуется,
2116000	2118000	что я...
2118000	2120000	Несколько раз, когда я не
2120000	2122000	спрашивал по разными этим моментам,
2122000	2124000	она говорит по-колхозному.
2124000	2126000	Тут по-колхозному, тут по-колхозному.
2126000	2128000	Ну, в смысле, там, там, там,
2128000	2130000	короче, кусочками. Какие-то
2130000	2132000	вещи пробовала, там,
2132000	2134000	и клиент есть такая,
2134000	2136000	есть там, для записи и так далее.
2136000	2138000	Ну, вот, так, вот,
2138000	2140000	кусочна, там, кусочна, там.
2140000	2142000	Ну, да, перед пределом, что мне кажется,
2142000	2144000	у нее масштабы больше, чем у меня,
2144000	2146000	гораздо.
2148000	2150000	Да, она мне как-то сказала,
2150000	2152000	я просто тоже искала платформу
2152000	2154000	для, ну, для того, чтобы онлайн
2154000	2156000	свои занятия, какие-то выкладывать
2156000	2158000	тренировки, там, а, ну, когда Ютуб
2158000	2160000	заблокировали, я просто раньше с клиентом
2160000	2162000	кидала ссылку, просто вот,
2162000	2164000	как я вообще, как бы, клиентам мои
2164000	2166000	получают видеокомплексы,
2166000	2168000	если это вот они покупают курсы,
2168000	2170000	или видеокомплекс, да. То есть, на Ютубе раньше что
2170000	2172000	можно было? У меня формат мини-комплексов,
2172000	2174000	вот, по 15 минут, разные мини-комплексы
2174000	2176000	записывали, потом их объединяю
2176000	2178000	вот, в зависимости от ситуации
2178000	2180000	человека, в один комплекс,
2180000	2182000	у меня, к сожалению, 10 мини-комплексов, я из них
2182000	2184000	5 выбираю, и создаю
2184000	2186000	плейлист для этого клиента.
2186000	2188000	Они все под скрытым ссылком, то есть никто не видит,
2188000	2190000	и сам плейлист тоже, как бы, скрытая ссылка.
2190000	2192000	Скидываю эту ссылку, и все человек
2192000	2194000	спокойно занимается, потому, когда Ютубы
2194000	2196000	заблокировали, это стало большой проблемой, потому что
2196000	2198000	в Ютубе такой опции нет. Ты можешь,
2198000	2200000	там нет скрытых плейлистов, там есть
2200000	2202000	сами видео скрыты. То есть, мне приходится
2202000	2204000	вот это несколько этих видео высылать,
2204000	2206000	ну, мини-комплексов,
2206000	2208000	как-то такой списочек ему высылать, и он
2208000	2210000	сам уже щелкает и открывает каждое.
2210000	2212000	Вот, как бы, и я вскатила,
2212000	2214000	стала спрашивать, где ты там, ну,
2214000	2216000	выкладываешься, ну, когда она мне сказала,
2216000	2218000	что ей открыла жиль, ну, он такой дорогущий
2218000	2220000	был, и я думаю, ну, я бы не стала, конечно,
2220000	2222000	только денег платить, в принципе, на бизоне то же самое
2222000	2224000	можно очень дешево сделать, то, что она там
2224000	2226000	делает. У нее как раз что-то было, что там,
2226000	2228000	по-моему, и питание, и
2228000	2230000	что-то такое, как бы, ну, вот она мне
2230000	2232000	скинула этот сайт, я посмотрела,
2232000	2234000	я поняла, что что-то типа вот, ну,
2234000	2236000	похожего. А, дорогущая,
2236000	2238000	в каком, в каком зоне там?
2238000	2240000	Ну, что-то там,
2240000	2242000	я уже не помню, может быть, в месяц
2242000	2244000	надо было, или там, от процентов
2244000	2246000	клиента, или там, в месяц что-то было.
2246000	2248000	Ну, я поняла, что я там на бизоне
2248000	2250000	плачу на 100 рублей, буквально говоря,
2250000	2252000	а там, ну, условно, надо было
2252000	2254000	2-5 тысяч, допустим, заплатить.
2254000	2256000	Ну, для меня это было неоправдано, дорого,
2256000	2258000	наверное, вот так. Но это давненько уже было,
2258000	2260000	может быть, года два назад я у нее спрашивала,
2260000	2262000	вот я знаю, что она для онлайнчиков, чем-то
2262000	2264000	таким пользовалась. Где у нее план
2264000	2266000	тренировок, то что ты вот говоришь, да,
2266000	2268000	может быть, просто потом как-то
2268000	2270000	заблокировалась это тоже, я не знаю, но чем-то
2270000	2272000	она пользовалась. Вот, я зашла, посмотрела,
2272000	2274000	ну, чтобы, я говорю, ты в тренировки
2274000	2276000	выкладываешь, как-то так, вот, и нам не
2276000	2278000	показала, ну, это ресурс. Ну, я поняла,
2278000	2280000	что, ну, это дорого, я считаю,
2280000	2282000	в моем случае, например. Никогда я это вообще
2282000	2284000	бесплатно в Ютубе делала, и там на бизоне
2284000	2286000	за три копейки. Там тренеры
2286000	2288000	им пользовались, как бы, те, которые
2288000	2290000	вот так вот онлайн ведут клиентов, то есть
2290000	2292000	они там все как бы выкладывают. Ну, вот
2292000	2294000	планы там, как-то говоришь.
2296000	2298000	Хорошо, хорошо.
2300000	2302000	Хорошо, Тань, я понял.
2302000	2304000	Спасибо тебе большое.
2304000	2306000	Пожалуйста, надеюсь, было полезно.
2306000	2308000	Да, полезно, полезно.
2308000	2310000	Спасибо, да, доброго дня.
2310000	2312000	Да, успехов вам в этом деле.
2312000	2314000	Спасибо, спасибо.
2314000	2316000	Благодарю.
